[
  {
    "id": "R1",
    "name": "R1 \u2013 Chardonnay 2025",
    "capacity_l": 8000,
    "volume_l": 5200,
    "readings": [
      {
        "date": "2025-09-24",
        "brix": 20.5,
        "temp": 18.2
      },
      {
        "date": "2025-09-25",
        "brix": 18.9,
        "temp": 18.0
      },
      {
        "date": "2025-09-26",
        "brix": 16.4,
        "temp": 17.8
      },
      {
        "date": "2025-09-27",
        "brix": 14.1,
        "temp": 17.6
      },
      {
        "date": "2025-09-28",
        "brix": 12.2,
        "temp": 17.2
      }
    ]
  },
  {
    "id": "R7",
    "name": "R7 \u2013 Feteasc\u0103 Neagr\u0103 2025",
    "capacity_l": 10000,
    "volume_l": 8300,
    "readings": [
      {
        "date": "2025-09-24",
        "brix": 21.2,
        "temp": 25.0
      },
      {
        "date": "2025-09-25",
        "brix": 19.8,
        "temp": 27.2
      },
      {
        "date": "2025-09-26",
        "brix": 19.5,
        "temp": 28.1
      },
      {
        "date": "2025-09-27",
        "brix": 19.2,
        "temp": 28.4
      }
    ]
  },
  {
    "id": "R12",
    "name": "R12 \u2013 Sauvignon Blanc 2025",
    "capacity_l": 6000,
    "volume_l": 4800,
    "readings": [
      {
        "date": "2025-09-24",
        "brix": 19.7,
        "temp": 15.5
      },
      {
        "date": "2025-09-25",
        "brix": 17.4,
        "temp": 15.2
      },
      {
        "date": "2025-09-26",
        "brix": 15.6,
        "temp": 15.0
      }
    ]
  }
]